forecast_date,target,target_end_date,location,location_name,type,quantile,value
2020-06-28,1 day ahead cum death,2020-06-29,US,US,point,NA,124426.88882291317
2020-06-28,2 day ahead cum death,2020-06-30,US,US,point,NA,125218.55030968785
2020-06-28,3 day ahead cum death,2020-07-01,US,US,point,NA,125971.13490709662
2020-06-28,4 day ahead cum death,2020-07-02,US,US,point,NA,128540.97428521514
2020-06-28,5 day ahead cum death,2020-07-03,US,US,point,NA,129165.59471350908
2020-06-28,6 day ahead cum death,2020-07-04,US,US,point,NA,129586.47374296188
2020-06-28,7 day ahead cum death,2020-07-05,US,US,point,NA,129772.35534098744
2020-06-28,8 day ahead cum death,2020-07-06,US,US,point,NA,128954.13916543126
2020-06-28,9 day ahead cum death,2020-07-07,US,US,point,NA,129833.93767467141
2020-06-28,10 day ahead cum death,2020-07-08,US,US,point,NA,130569.08018761873
2020-06-28,11 day ahead cum death,2020-07-09,US,US,point,NA,133265.12213683128
2020-06-28,12 day ahead cum death,2020-07-10,US,US,point,NA,133996.2683903873
2020-06-28,13 day ahead cum death,2020-07-11,US,US,point,NA,134345.21348965168
2020-06-28,14 day ahead cum death,2020-07-12,US,US,point,NA,134548.56591176987
2020-06-28,1 day ahead cum death,2020-06-29,01,Alabama,point,NA,896.0642608702183
2020-06-28,2 day ahead cum death,2020-06-30,01,Alabama,point,NA,923.3378621339798
2020-06-28,3 day ahead cum death,2020-07-01,01,Alabama,point,NA,951.4708076715469
2020-06-28,4 day ahead cum death,2020-07-02,01,Alabama,point,NA,954.2721164822578
2020-06-28,5 day ahead cum death,2020-07-03,01,Alabama,point,NA,959.6470831334591
2020-06-28,6 day ahead cum death,2020-07-04,01,Alabama,point,NA,971.4562301039696
2020-06-28,7 day ahead cum death,2020-07-05,01,Alabama,point,NA,971.6816000044346
2020-06-28,8 day ahead cum death,2020-07-06,01,Alabama,point,NA,965.4316401779652
2020-06-28,9 day ahead cum death,2020-07-07,01,Alabama,point,NA,995.4074968099594
2020-06-28,10 day ahead cum death,2020-07-08,01,Alabama,point,NA,1025.361578732729
2020-06-28,11 day ahead cum death,2020-07-09,01,Alabama,point,NA,1027.5670350193977
2020-06-28,12 day ahead cum death,2020-07-10,01,Alabama,point,NA,1036.1892721056938
2020-06-28,13 day ahead cum death,2020-07-11,01,Alabama,point,NA,1047.3713484108448
2020-06-28,14 day ahead cum death,2020-07-12,01,Alabama,point,NA,1045.7838413715363
2020-06-28,1 day ahead cum death,2020-06-29,02,Alaska,point,NA,41.770032465457916
2020-06-28,2 day ahead cum death,2020-06-30,02,Alaska,point,NA,41.632263869047165
2020-06-28,3 day ahead cum death,2020-07-01,02,Alaska,point,NA,41.64661595225334
2020-06-28,4 day ahead cum death,2020-07-02,02,Alaska,point,NA,41.71330547332764
2020-06-28,5 day ahead cum death,2020-07-03,02,Alaska,point,NA,42.6936571598053
2020-06-28,6 day ahead cum death,2020-07-04,02,Alaska,point,NA,42.71295639872551
2020-06-28,7 day ahead cum death,2020-07-05,02,Alaska,point,NA,42.72770398855209
2020-06-28,8 day ahead cum death,2020-07-06,02,Alaska,point,NA,49.47486847639084
2020-06-28,9 day ahead cum death,2020-07-07,02,Alaska,point,NA,49.33996185660362
2020-06-28,10 day ahead cum death,2020-07-08,02,Alaska,point,NA,49.325173646211624
2020-06-28,11 day ahead cum death,2020-07-09,02,Alaska,point,NA,49.398830860853195
2020-06-28,12 day ahead cum death,2020-07-10,02,Alaska,point,NA,50.57570964097977
2020-06-28,13 day ahead cum death,2020-07-11,02,Alaska,point,NA,50.83286067843437
2020-06-28,14 day ahead cum death,2020-07-12,02,Alaska,point,NA,50.97844472527504
2020-06-28,1 day ahead cum death,2020-06-29,04,Arizona,point,NA,1511.824569284916
2020-06-28,2 day ahead cum death,2020-06-30,04,Arizona,point,NA,1558.9579238593578
2020-06-28,3 day ahead cum death,2020-07-01,04,Arizona,point,NA,1645.950520515442
2020-06-28,4 day ahead cum death,2020-07-02,04,Arizona,point,NA,1672.3948969841003
2020-06-28,5 day ahead cum death,2020-07-03,04,Arizona,point,NA,1724.2386142611504
2020-06-28,6 day ahead cum death,2020-07-04,04,Arizona,point,NA,1768.2055690288544
2020-06-28,7 day ahead cum death,2020-07-05,04,Arizona,point,NA,1783.5513628721237
2020-06-28,8 day ahead cum death,2020-07-06,04,Arizona,point,NA,1711.314041852951
2020-06-28,9 day ahead cum death,2020-07-07,04,Arizona,point,NA,1789.2827316820621
2020-06-28,10 day ahead cum death,2020-07-08,04,Arizona,point,NA,1878.2569256424904
2020-06-28,11 day ahead cum death,2020-07-09,04,Arizona,point,NA,1893.7061566114426
2020-06-28,12 day ahead cum death,2020-07-10,04,Arizona,point,NA,1951.8849535286427
2020-06-28,13 day ahead cum death,2020-07-11,04,Arizona,point,NA,1993.7600429952145
2020-06-28,14 day ahead cum death,2020-07-12,04,Arizona,point,NA,2012.0831719636917
2020-06-28,1 day ahead cum death,2020-06-29,05,Arkansas,point,NA,304.8898930847645
2020-06-28,2 day ahead cum death,2020-06-30,05,Arkansas,point,NA,314.12952467799187
2020-06-28,3 day ahead cum death,2020-07-01,05,Arkansas,point,NA,318.2753786444664
2020-06-28,4 day ahead cum death,2020-07-02,05,Arkansas,point,NA,317.14983627200127
2020-06-28,5 day ahead cum death,2020-07-03,05,Arkansas,point,NA,326.93972703814507
2020-06-28,6 day ahead cum death,2020-07-04,05,Arkansas,point,NA,337.2781109213829
2020-06-28,7 day ahead cum death,2020-07-05,05,Arkansas,point,NA,342.7861145436764
2020-06-28,8 day ahead cum death,2020-07-06,05,Arkansas,point,NA,352.5748146176338
2020-06-28,9 day ahead cum death,2020-07-07,05,Arkansas,point,NA,362.63785097002983
2020-06-28,10 day ahead cum death,2020-07-08,05,Arkansas,point,NA,367.03139293193817
2020-06-28,11 day ahead cum death,2020-07-09,05,Arkansas,point,NA,364.9844441115856
2020-06-28,12 day ahead cum death,2020-07-10,05,Arkansas,point,NA,375.3992305994034
2020-06-28,13 day ahead cum death,2020-07-11,05,Arkansas,point,NA,384.1612740159035
2020-06-28,14 day ahead cum death,2020-07-12,05,Arkansas,point,NA,388.8920292556286
2020-06-28,1 day ahead cum death,2020-06-29,06,California,point,NA,5955.63380420208
2020-06-28,2 day ahead cum death,2020-06-30,06,California,point,NA,6014.526454538107
2020-06-28,3 day ahead cum death,2020-07-01,06,California,point,NA,6120.863991469145
2020-06-28,4 day ahead cum death,2020-07-02,06,California,point,NA,6204.634601473808
2020-06-28,5 day ahead cum death,2020-07-03,06,California,point,NA,6278.977175056934
2020-06-28,6 day ahead cum death,2020-07-04,06,California,point,NA,6298.401196718216
2020-06-28,7 day ahead cum death,2020-07-05,06,California,point,NA,6332.920254945755
2020-06-28,8 day ahead cum death,2020-07-06,06,California,point,NA,6361.4955414533615
2020-06-28,9 day ahead cum death,2020-07-07,06,California,point,NA,6442.6128064394
2020-06-28,10 day ahead cum death,2020-07-08,06,California,point,NA,6548.217139214277
2020-06-28,11 day ahead cum death,2020-07-09,06,California,point,NA,6639.208094030619
2020-06-28,12 day ahead cum death,2020-07-10,06,California,point,NA,6752.751586019993
2020-06-28,13 day ahead cum death,2020-07-11,06,California,point,NA,6771.080423742533
2020-06-28,14 day ahead cum death,2020-07-12,06,California,point,NA,6800.954107224941
2020-06-28,1 day ahead cum death,2020-06-29,08,Colorado,point,NA,1734.506489932537
2020-06-28,2 day ahead cum death,2020-06-30,08,Colorado,point,NA,1748.8558136820793
2020-06-28,3 day ahead cum death,2020-07-01,08,Colorado,point,NA,1747.8191639482975
2020-06-28,4 day ahead cum death,2020-07-02,08,Colorado,point,NA,1746.0391362309456
2020-06-28,5 day ahead cum death,2020-07-03,08,Colorado,point,NA,1749.7622592449188
2020-06-28,6 day ahead cum death,2020-07-04,08,Colorado,point,NA,1748.3061137497425
2020-06-28,7 day ahead cum death,2020-07-05,08,Colorado,point,NA,1750.5224849283695
2020-06-28,8 day ahead cum death,2020-07-06,08,Colorado,point,NA,1777.9138270020485
2020-06-28,9 day ahead cum death,2020-07-07,08,Colorado,point,NA,1791.6597598791122
2020-06-28,10 day ahead cum death,2020-07-08,08,Colorado,point,NA,1789.0101764798164
2020-06-28,11 day ahead cum death,2020-07-09,08,Colorado,point,NA,1786.6015902757645
2020-06-28,12 day ahead cum death,2020-07-10,08,Colorado,point,NA,1790.681294798851
2020-06-28,13 day ahead cum death,2020-07-11,08,Colorado,point,NA,1788.0619359910488
2020-06-28,14 day ahead cum death,2020-07-12,08,Colorado,point,NA,1790.9534009695053
2020-06-28,1 day ahead cum death,2020-06-29,09,Connecticut,point,NA,4356.126549720764
2020-06-28,2 day ahead cum death,2020-06-30,09,Connecticut,point,NA,4368.994693040848
2020-06-28,3 day ahead cum death,2020-07-01,09,Connecticut,point,NA,4387.890627384186
2020-06-28,4 day ahead cum death,2020-07-02,09,Connecticut,point,NA,4376.021219491959
2020-06-28,5 day ahead cum death,2020-07-03,09,Connecticut,point,NA,4374.596890985966
2020-06-28,6 day ahead cum death,2020-07-04,09,Connecticut,point,NA,4373.3653019070625
2020-06-28,7 day ahead cum death,2020-07-05,09,Connecticut,point,NA,4369.407409250736
2020-06-28,8 day ahead cum death,2020-07-06,09,Connecticut,point,NA,4410.136695861816
2020-06-28,9 day ahead cum death,2020-07-07,09,Connecticut,point,NA,4424.078705757856
2020-06-28,10 day ahead cum death,2020-07-08,09,Connecticut,point,NA,4441.680742174387
2020-06-28,11 day ahead cum death,2020-07-09,09,Connecticut,point,NA,4426.369222432375
2020-06-28,12 day ahead cum death,2020-07-10,09,Connecticut,point,NA,4417.7169407606125
2020-06-28,13 day ahead cum death,2020-07-11,09,Connecticut,point,NA,4412.754546254873
2020-06-28,14 day ahead cum death,2020-07-12,09,Connecticut,point,NA,4399.38970798254
2020-06-28,1 day ahead cum death,2020-06-29,10,Delaware,point,NA,449.5545303821564
2020-06-28,2 day ahead cum death,2020-06-30,10,Delaware,point,NA,557.77840924263
2020-06-28,3 day ahead cum death,2020-07-01,10,Delaware,point,NA,554.8381907939911
2020-06-28,4 day ahead cum death,2020-07-02,10,Delaware,point,NA,540.9152917861938
2020-06-28,5 day ahead cum death,2020-07-03,10,Delaware,point,NA,540.7754580974579
2020-06-28,6 day ahead cum death,2020-07-04,10,Delaware,point,NA,542.2462749481201
2020-06-28,7 day ahead cum death,2020-07-05,10,Delaware,point,NA,538.3037248849869
2020-06-28,8 day ahead cum death,2020-07-06,10,Delaware,point,NA,478.4225686788559
2020-06-28,9 day ahead cum death,2020-07-07,10,Delaware,point,NA,592.333901643753
2020-06-28,10 day ahead cum death,2020-07-08,10,Delaware,point,NA,583.1979916095734
2020-06-28,11 day ahead cum death,2020-07-09,10,Delaware,point,NA,566.5529087781906
2020-06-28,12 day ahead cum death,2020-07-10,10,Delaware,point,NA,567.6394772529602
2020-06-28,13 day ahead cum death,2020-07-11,10,Delaware,point,NA,568.9027740955353
2020-06-28,14 day ahead cum death,2020-07-12,10,Delaware,point,NA,563.2884157896042
2020-06-28,1 day ahead cum death,2020-06-29,12,Florida,point,NA,3395.2668921351433
2020-06-28,2 day ahead cum death,2020-06-30,12,Florida,point,NA,3471.723082512617
2020-06-28,3 day ahead cum death,2020-07-01,12,Florida,point,NA,3526.4297370910645
2020-06-28,4 day ahead cum death,2020-07-02,12,Florida,point,NA,3581.139033794403
2020-06-28,5 day ahead cum death,2020-07-03,12,Florida,point,NA,3623.278200030327
2020-06-28,6 day ahead cum death,2020-07-04,12,Florida,point,NA,3638.8250015378
2020-06-28,7 day ahead cum death,2020-07-05,12,Florida,point,NA,3685.8901222646236
2020-06-28,8 day ahead cum death,2020-07-06,12,Florida,point,NA,3679.7075365185738
2020-06-28,9 day ahead cum death,2020-07-07,12,Florida,point,NA,3760.9035997986794
2020-06-28,10 day ahead cum death,2020-07-08,12,Florida,point,NA,3880.625883102417
2020-06-28,11 day ahead cum death,2020-07-09,12,Florida,point,NA,3963.065654397011
2020-06-28,12 day ahead cum death,2020-07-10,12,Florida,point,NA,4041.6992096602917
2020-06-28,13 day ahead cum death,2020-07-11,12,Florida,point,NA,4053.6227751374245
2020-06-28,14 day ahead cum death,2020-07-12,12,Florida,point,NA,4161.158642649651
2020-06-28,1 day ahead cum death,2020-06-29,13,Georgia,point,NA,2767.387022316456
2020-06-28,2 day ahead cum death,2020-06-30,13,Georgia,point,NA,2812.0056521594524
2020-06-28,3 day ahead cum death,2020-07-01,13,Georgia,point,NA,2818.3746761977673
2020-06-28,4 day ahead cum death,2020-07-02,13,Georgia,point,NA,2865.348173290491
2020-06-28,5 day ahead cum death,2020-07-03,13,Georgia,point,NA,2886.1765634417534
2020-06-28,6 day ahead cum death,2020-07-04,13,Georgia,point,NA,2886.9949227571487
2020-06-28,7 day ahead cum death,2020-07-05,13,Georgia,point,NA,2890.530033379793
2020-06-28,8 day ahead cum death,2020-07-06,13,Georgia,point,NA,2901.059831082821
2020-06-28,9 day ahead cum death,2020-07-07,13,Georgia,point,NA,2947.275100439787
2020-06-28,10 day ahead cum death,2020-07-08,13,Georgia,point,NA,2951.3314230442047
2020-06-28,11 day ahead cum death,2020-07-09,13,Georgia,point,NA,2997.5569481253624
2020-06-28,12 day ahead cum death,2020-07-10,13,Georgia,point,NA,3013.4614902436733
2020-06-28,13 day ahead cum death,2020-07-11,13,Georgia,point,NA,3013.2059355080128
2020-06-28,14 day ahead cum death,2020-07-12,13,Georgia,point,NA,3017.9714753627777
2020-06-28,1 day ahead cum death,2020-06-29,16,Idaho,point,NA,133.7882724404335
2020-06-28,2 day ahead cum death,2020-06-30,16,Idaho,point,NA,133.68308821320534
2020-06-28,3 day ahead cum death,2020-07-01,16,Idaho,point,NA,134.12086775898933
2020-06-28,4 day ahead cum death,2020-07-02,16,Idaho,point,NA,135.3871851861477
2020-06-28,5 day ahead cum death,2020-07-03,16,Idaho,point,NA,135.59020510315895
2020-06-28,6 day ahead cum death,2020-07-04,16,Idaho,point,NA,137.03102687001228
2020-06-28,7 day ahead cum death,2020-07-05,16,Idaho,point,NA,136.9962674677372
2020-06-28,8 day ahead cum death,2020-07-06,16,Idaho,point,NA,149.32141226530075
2020-06-28,9 day ahead cum death,2020-07-07,16,Idaho,point,NA,149.3343869149685
2020-06-28,10 day ahead cum death,2020-07-08,16,Idaho,point,NA,150.04939386248589
2020-06-28,11 day ahead cum death,2020-07-09,16,Idaho,point,NA,152.15016642212868
2020-06-28,12 day ahead cum death,2020-07-10,16,Idaho,point,NA,152.8357830643654
2020-06-28,13 day ahead cum death,2020-07-11,16,Idaho,point,NA,155.41318693757057
2020-06-28,14 day ahead cum death,2020-07-12,16,Idaho,point,NA,155.30710288882256
2020-06-28,1 day ahead cum death,2020-06-29,17,Illinois,point,NA,6964.162942916155
2020-06-28,2 day ahead cum death,2020-06-30,17,Illinois,point,NA,6975.715236157179
2020-06-28,3 day ahead cum death,2020-07-01,17,Illinois,point,NA,7036.187632590532
2020-06-28,4 day ahead cum death,2020-07-02,17,Illinois,point,NA,7069.069369882345
2020-06-28,5 day ahead cum death,2020-07-03,17,Illinois,point,NA,7104.3398478627205
2020-06-28,6 day ahead cum death,2020-07-04,17,Illinois,point,NA,7126.077346891165
2020-06-28,7 day ahead cum death,2020-07-05,17,Illinois,point,NA,7141.882538795471
2020-06-28,8 day ahead cum death,2020-07-06,17,Illinois,point,NA,7151.7402648329735
2020-06-28,9 day ahead cum death,2020-07-07,17,Illinois,point,NA,7154.317885696888
2020-06-28,10 day ahead cum death,2020-07-08,17,Illinois,point,NA,7212.643088579178
2020-06-28,11 day ahead cum death,2020-07-09,17,Illinois,point,NA,7257.923837572336
2020-06-28,12 day ahead cum death,2020-07-10,17,Illinois,point,NA,7283.112458527088
2020-06-28,13 day ahead cum death,2020-07-11,17,Illinois,point,NA,7302.583004117012
2020-06-28,14 day ahead cum death,2020-07-12,17,Illinois,point,NA,7323.559528887272
2020-06-28,1 day ahead cum death,2020-06-29,18,Indiana,point,NA,2463.0986987650394
2020-06-28,2 day ahead cum death,2020-06-30,18,Indiana,point,NA,2470.298035442829
2020-06-28,3 day ahead cum death,2020-07-01,18,Indiana,point,NA,2477.611261576414
2020-06-28,4 day ahead cum death,2020-07-02,18,Indiana,point,NA,2480.7257116138935
2020-06-28,5 day ahead cum death,2020-07-03,18,Indiana,point,NA,2489.8715759813786
2020-06-28,6 day ahead cum death,2020-07-04,18,Indiana,point,NA,2510.1544230878353
2020-06-28,7 day ahead cum death,2020-07-05,18,Indiana,point,NA,2512.1861847937107
2020-06-28,8 day ahead cum death,2020-07-06,18,Indiana,point,NA,2535.7877966165543
2020-06-28,9 day ahead cum death,2020-07-07,18,Indiana,point,NA,2540.1949407458305
2020-06-28,10 day ahead cum death,2020-07-08,18,Indiana,point,NA,2542.9451076090336
2020-06-28,11 day ahead cum death,2020-07-09,18,Indiana,point,NA,2549.6261956095695
2020-06-28,12 day ahead cum death,2020-07-10,18,Indiana,point,NA,2564.4145415127277
2020-06-28,13 day ahead cum death,2020-07-11,18,Indiana,point,NA,2584.007462233305
2020-06-28,14 day ahead cum death,2020-07-12,18,Indiana,point,NA,2587.484131604433
2020-06-28,1 day ahead cum death,2020-06-29,19,Iowa,point,NA,778.244275867939
2020-06-28,2 day ahead cum death,2020-06-30,19,Iowa,point,NA,781.0407340526581
2020-06-28,3 day ahead cum death,2020-07-01,19,Iowa,point,NA,782.1698607504368
2020-06-28,4 day ahead cum death,2020-07-02,19,Iowa,point,NA,787.3633595407009
2020-06-28,5 day ahead cum death,2020-07-03,19,Iowa,point,NA,796.4788329303265
2020-06-28,6 day ahead cum death,2020-07-04,19,Iowa,point,NA,795.1389250457287
2020-06-28,7 day ahead cum death,2020-07-05,19,Iowa,point,NA,798.3691395521164
2020-06-28,8 day ahead cum death,2020-07-06,19,Iowa,point,NA,823.967542052269
2020-06-28,9 day ahead cum death,2020-07-07,19,Iowa,point,NA,827.095661520958
2020-06-28,10 day ahead cum death,2020-07-08,19,Iowa,point,NA,827.2092485427856
2020-06-28,11 day ahead cum death,2020-07-09,19,Iowa,point,NA,833.1230420768261
2020-06-28,12 day ahead cum death,2020-07-10,19,Iowa,point,NA,841.6766214966774
2020-06-28,13 day ahead cum death,2020-07-11,19,Iowa,point,NA,839.2290225923061
2020-06-28,14 day ahead cum death,2020-07-12,19,Iowa,point,NA,842.6104537844658
2020-06-28,1 day ahead cum death,2020-06-29,20,Kansas,point,NA,372.3148193657398
2020-06-28,2 day ahead cum death,2020-06-30,20,Kansas,point,NA,374.1753698885441
2020-06-28,3 day ahead cum death,2020-07-01,20,Kansas,point,NA,374.05356404185295
2020-06-28,4 day ahead cum death,2020-07-02,20,Kansas,point,NA,375.68579599261284
2020-06-28,5 day ahead cum death,2020-07-03,20,Kansas,point,NA,378.72257819771767
2020-06-28,6 day ahead cum death,2020-07-04,20,Kansas,point,NA,382.545864790678
2020-06-28,7 day ahead cum death,2020-07-05,20,Kansas,point,NA,384.20717388391495
2020-06-28,8 day ahead cum death,2020-07-06,20,Kansas,point,NA,410.9259959459305
2020-06-28,9 day ahead cum death,2020-07-07,20,Kansas,point,NA,413.5621951520443
2020-06-28,10 day ahead cum death,2020-07-08,20,Kansas,point,NA,414.2042020857334
2020-06-28,11 day ahead cum death,2020-07-09,20,Kansas,point,NA,416.57445189356804
2020-06-28,12 day ahead cum death,2020-07-10,20,Kansas,point,NA,420.2176072895527
2020-06-28,13 day ahead cum death,2020-07-11,20,Kansas,point,NA,424.514167457819
2020-06-28,14 day ahead cum death,2020-07-12,20,Kansas,point,NA,425.77171632647514
2020-06-28,1 day ahead cum death,2020-06-29,21,Kentucky,point,NA,634.996704429388
2020-06-28,2 day ahead cum death,2020-06-30,21,Kentucky,point,NA,644.4576341509819
2020-06-28,3 day ahead cum death,2020-07-01,21,Kentucky,point,NA,645.3682966828346
2020-06-28,4 day ahead cum death,2020-07-02,21,Kentucky,point,NA,654.4130082428455
2020-06-28,5 day ahead cum death,2020-07-03,21,Kentucky,point,NA,661.1334204673767
2020-06-28,6 day ahead cum death,2020-07-04,21,Kentucky,point,NA,661.3340668976307
2020-06-28,7 day ahead cum death,2020-07-05,21,Kentucky,point,NA,666.6989893317223
2020-06-28,8 day ahead cum death,2020-07-06,21,Kentucky,point,NA,681.6745769679546
2020-06-28,9 day ahead cum death,2020-07-07,21,Kentucky,point,NA,691.0869318544865
2020-06-28,10 day ahead cum death,2020-07-08,21,Kentucky,point,NA,692.0772687792778
2020-06-28,11 day ahead cum death,2020-07-09,21,Kentucky,point,NA,700.4451730847359
2020-06-28,12 day ahead cum death,2020-07-10,21,Kentucky,point,NA,709.1419906318188
2020-06-28,13 day ahead cum death,2020-07-11,21,Kentucky,point,NA,708.130333930254
2020-06-28,14 day ahead cum death,2020-07-12,21,Kentucky,point,NA,713.9696895480156
2020-06-28,1 day ahead cum death,2020-06-29,22,Louisiana,point,NA,3078.1343070864677
2020-06-28,2 day ahead cum death,2020-06-30,22,Louisiana,point,NA,3095.7573007047176
2020-06-28,3 day ahead cum death,2020-07-01,22,Louisiana,point,NA,3113.9261507093906
2020-06-28,4 day ahead cum death,2020-07-02,22,Louisiana,point,NA,3125.1409924030304
2020-06-28,5 day ahead cum death,2020-07-03,22,Louisiana,point,NA,3152.833549618721
2020-06-28,6 day ahead cum death,2020-07-04,22,Louisiana,point,NA,3152.9135808050632
2020-06-28,7 day ahead cum death,2020-07-05,22,Louisiana,point,NA,3162.217598706484
2020-06-28,8 day ahead cum death,2020-07-06,22,Louisiana,point,NA,3151.830723643303
2020-06-28,9 day ahead cum death,2020-07-07,22,Louisiana,point,NA,3168.772254616022
2020-06-28,10 day ahead cum death,2020-07-08,22,Louisiana,point,NA,3190.7624039947987
2020-06-28,11 day ahead cum death,2020-07-09,22,Louisiana,point,NA,3204.7256470918655
2020-06-28,12 day ahead cum death,2020-07-10,22,Louisiana,point,NA,3233.3013389110565
2020-06-28,13 day ahead cum death,2020-07-11,22,Louisiana,point,NA,3230.4490195810795
2020-06-28,14 day ahead cum death,2020-07-12,22,Louisiana,point,NA,3243.0795183181763
2020-06-28,1 day ahead cum death,2020-06-29,23,Maine,point,NA,114.01239305734634
2020-06-28,2 day ahead cum death,2020-06-30,23,Maine,point,NA,113.70496246218681
2020-06-28,3 day ahead cum death,2020-07-01,23,Maine,point,NA,114.57922276854515
2020-06-28,4 day ahead cum death,2020-07-02,23,Maine,point,NA,114.69961676001549
2020-06-28,5 day ahead cum death,2020-07-03,23,Maine,point,NA,114.83139961957932
2020-06-28,6 day ahead cum death,2020-07-04,23,Maine,point,NA,115.84532344341278
2020-06-28,7 day ahead cum death,2020-07-05,23,Maine,point,NA,115.65575909614563
2020-06-28,8 day ahead cum death,2020-07-06,23,Maine,point,NA,119.68888592720032
2020-06-28,9 day ahead cum death,2020-07-07,23,Maine,point,NA,119.39751079678535
2020-06-28,10 day ahead cum death,2020-07-08,23,Maine,point,NA,120.38388639688492
2020-06-28,11 day ahead cum death,2020-07-09,23,Maine,point,NA,120.50845754146576
2020-06-28,12 day ahead cum death,2020-07-10,23,Maine,point,NA,120.64063575863838
2020-06-28,13 day ahead cum death,2020-07-11,23,Maine,point,NA,121.71584495902061
2020-06-28,14 day ahead cum death,2020-07-12,23,Maine,point,NA,121.8486867249012
2020-06-28,1 day ahead cum death,2020-06-29,24,Maryland,point,NA,3182.8710385262966
2020-06-28,2 day ahead cum death,2020-06-30,24,Maryland,point,NA,3194.282169044018
2020-06-28,3 day ahead cum death,2020-07-01,24,Maryland,point,NA,3199.6679333746433
2020-06-28,4 day ahead cum death,2020-07-02,24,Maryland,point,NA,3206.3722532093525
2020-06-28,5 day ahead cum death,2020-07-03,24,Maryland,point,NA,3215.0061124563217
2020-06-28,6 day ahead cum death,2020-07-04,24,Maryland,point,NA,3232.2605119347572
2020-06-28,7 day ahead cum death,2020-07-05,24,Maryland,point,NA,3237.6369385421276
2020-06-28,8 day ahead cum death,2020-07-06,24,Maryland,point,NA,3275.68301063776
2020-06-28,9 day ahead cum death,2020-07-07,24,Maryland,point,NA,3283.0254753232
2020-06-28,10 day ahead cum death,2020-07-08,24,Maryland,point,NA,3282.440989166498
2020-06-28,11 day ahead cum death,2020-07-09,24,Maryland,point,NA,3280.0593068897724
2020-06-28,12 day ahead cum death,2020-07-10,24,Maryland,point,NA,3287.489040285349
2020-06-28,13 day ahead cum death,2020-07-11,24,Maryland,point,NA,3300.5016952455044
2020-06-28,14 day ahead cum death,2020-07-12,24,Maryland,point,NA,3303.4907850921154
2020-06-28,1 day ahead cum death,2020-06-29,25,Massachusetts,point,NA,8097.490854352713
2020-06-28,2 day ahead cum death,2020-06-30,25,Massachusetts,point,NA,8117.449398100376
2020-06-28,3 day ahead cum death,2020-07-01,25,Massachusetts,point,NA,8162.107010424137
2020-06-28,4 day ahead cum death,2020-07-02,25,Massachusetts,point,NA,8189.3043556809425
2020-06-28,5 day ahead cum death,2020-07-03,25,Massachusetts,point,NA,8275.214448690414
2020-06-28,6 day ahead cum death,2020-07-04,25,Massachusetts,point,NA,8301.28401595354
2020-06-28,7 day ahead cum death,2020-07-05,25,Massachusetts,point,NA,8307.166280567646
2020-06-28,8 day ahead cum death,2020-07-06,25,Massachusetts,point,NA,8354.706547409296
2020-06-28,9 day ahead cum death,2020-07-07,25,Massachusetts,point,NA,8356.897014170885
2020-06-28,10 day ahead cum death,2020-07-08,25,Massachusetts,point,NA,8362.801800489426
2020-06-28,11 day ahead cum death,2020-07-09,25,Massachusetts,point,NA,8416.924103528261
2020-06-28,12 day ahead cum death,2020-07-10,25,Massachusetts,point,NA,8496.564824938774
2020-06-28,13 day ahead cum death,2020-07-11,25,Massachusetts,point,NA,8505.853382736444
2020-06-28,14 day ahead cum death,2020-07-12,25,Massachusetts,point,NA,8483.023733913898
2020-06-28,1 day ahead cum death,2020-06-29,26,Michigan,point,NA,6123.3994397223
2020-06-28,2 day ahead cum death,2020-06-30,26,Michigan,point,NA,6135.011945605278
2020-06-28,3 day ahead cum death,2020-07-01,26,Michigan,point,NA,6138.880905330181
2020-06-28,4 day ahead cum death,2020-07-02,26,Michigan,point,NA,6155.1312021017075
2020-06-28,5 day ahead cum death,2020-07-03,26,Michigan,point,NA,6148.725095719099
2020-06-28,6 day ahead cum death,2020-07-04,26,Michigan,point,NA,6169.573998838663
2020-06-28,7 day ahead cum death,2020-07-05,26,Michigan,point,NA,6176.607564330101
2020-06-28,8 day ahead cum death,2020-07-06,26,Michigan,point,NA,6194.309669911861
2020-06-28,9 day ahead cum death,2020-07-07,26,Michigan,point,NA,6231.584174185991
2020-06-28,10 day ahead cum death,2020-07-08,26,Michigan,point,NA,6229.1649959385395
2020-06-28,11 day ahead cum death,2020-07-09,26,Michigan,point,NA,6243.634972304106
2020-06-28,12 day ahead cum death,2020-07-10,26,Michigan,point,NA,6236.889490783215
2020-06-28,13 day ahead cum death,2020-07-11,26,Michigan,point,NA,6234.484032303095
2020-06-28,14 day ahead cum death,2020-07-12,26,Michigan,point,NA,6241.780613124371
2020-06-28,1 day ahead cum death,2020-06-29,27,Minnesota,point,NA,1523.6320228278637
2020-06-28,2 day ahead cum death,2020-06-30,27,Minnesota,point,NA,1530.9928926229477
2020-06-28,3 day ahead cum death,2020-07-01,27,Minnesota,point,NA,1531.995688766241
2020-06-28,4 day ahead cum death,2020-07-02,27,Minnesota,point,NA,1540.3185536563396
2020-06-28,5 day ahead cum death,2020-07-03,27,Minnesota,point,NA,1536.215273886919
2020-06-28,6 day ahead cum death,2020-07-04,27,Minnesota,point,NA,1540.9475546479225
2020-06-28,7 day ahead cum death,2020-07-05,27,Minnesota,point,NA,1540.0224966704845
2020-06-28,8 day ahead cum death,2020-07-06,27,Minnesota,point,NA,1605.263835310936
2020-06-28,9 day ahead cum death,2020-07-07,27,Minnesota,point,NA,1610.7624692320824
2020-06-28,10 day ahead cum death,2020-07-08,27,Minnesota,point,NA,1599.8644285202026
2020-06-28,11 day ahead cum death,2020-07-09,27,Minnesota,point,NA,1611.5902957618237
2020-06-28,12 day ahead cum death,2020-07-10,27,Minnesota,point,NA,1599.4163553714752
2020-06-28,13 day ahead cum death,2020-07-11,27,Minnesota,point,NA,1601.431224167347
2020-06-28,14 day ahead cum death,2020-07-12,27,Minnesota,point,NA,1599.0434761941433
2020-06-28,1 day ahead cum death,2020-06-29,28,Mississippi,point,NA,1029.5609529316425
2020-06-28,2 day ahead cum death,2020-06-30,28,Mississippi,point,NA,1038.6748510301113
2020-06-28,3 day ahead cum death,2020-07-01,28,Mississippi,point,NA,1062.6102856099606
2020-06-28,4 day ahead cum death,2020-07-02,28,Mississippi,point,NA,1068.3126815259457
2020-06-28,5 day ahead cum death,2020-07-03,28,Mississippi,point,NA,1071.8077881634235
2020-06-28,6 day ahead cum death,2020-07-04,28,Mississippi,point,NA,1084.6948437094688
2020-06-28,7 day ahead cum death,2020-07-05,28,Mississippi,point,NA,1088.6355681717396
2020-06-28,8 day ahead cum death,2020-07-06,28,Mississippi,point,NA,1079.2877000570297
2020-06-28,9 day ahead cum death,2020-07-07,28,Mississippi,point,NA,1087.4173459410667
2020-06-28,10 day ahead cum death,2020-07-08,28,Mississippi,point,NA,1113.90315040946
2020-06-28,11 day ahead cum death,2020-07-09,28,Mississippi,point,NA,1123.0684671998024
2020-06-28,12 day ahead cum death,2020-07-10,28,Mississippi,point,NA,1127.4224994778633
2020-06-28,13 day ahead cum death,2020-07-11,28,Mississippi,point,NA,1141.7779715061188
2020-06-28,14 day ahead cum death,2020-07-12,28,Mississippi,point,NA,1147.101089477539
2020-06-28,1 day ahead cum death,2020-06-29,29,Missouri,point,NA,1093.4756189882755
2020-06-28,2 day ahead cum death,2020-06-30,29,Missouri,point,NA,1100.598650097847
2020-06-28,3 day ahead cum death,2020-07-01,29,Missouri,point,NA,1112.880905419588
2020-06-28,4 day ahead cum death,2020-07-02,29,Missouri,point,NA,1114.1791570782661
2020-06-28,5 day ahead cum death,2020-07-03,29,Missouri,point,NA,1118.6768133938313
2020-06-28,6 day ahead cum death,2020-07-04,29,Missouri,point,NA,1122.381247639656
2020-06-28,7 day ahead cum death,2020-07-05,29,Missouri,point,NA,1122.1783422231674
2020-06-28,8 day ahead cum death,2020-07-06,29,Missouri,point,NA,1162.7648171186447
2020-06-28,9 day ahead cum death,2020-07-07,29,Missouri,point,NA,1169.9139230251312
2020-06-28,10 day ahead cum death,2020-07-08,29,Missouri,point,NA,1186.7946821153164
2020-06-28,11 day ahead cum death,2020-07-09,29,Missouri,point,NA,1180.796037107706
2020-06-28,12 day ahead cum death,2020-07-10,29,Missouri,point,NA,1181.1224510967731
2020-06-28,13 day ahead cum death,2020-07-11,29,Missouri,point,NA,1183.4380198419094
2020-06-28,14 day ahead cum death,2020-07-12,29,Missouri,point,NA,1185.1679509580135
2020-06-28,1 day ahead cum death,2020-06-29,30,Montana,point,NA,83.05729001760483
2020-06-28,2 day ahead cum death,2020-06-30,30,Montana,point,NA,83.05729001760483
2020-06-28,3 day ahead cum death,2020-07-01,30,Montana,point,NA,83.2291861474514
2020-06-28,4 day ahead cum death,2020-07-02,30,Montana,point,NA,83.25247937440872
2020-06-28,5 day ahead cum death,2020-07-03,30,Montana,point,NA,83.23732313513756
2020-06-28,6 day ahead cum death,2020-07-04,30,Montana,point,NA,83.26285570859909
2020-06-28,7 day ahead cum death,2020-07-05,30,Montana,point,NA,83.13564950227737
2020-06-28,8 day ahead cum death,2020-07-06,30,Montana,point,NA,98.2031497657299
2020-06-28,9 day ahead cum death,2020-07-07,30,Montana,point,NA,98.33236926794052
2020-06-28,10 day ahead cum death,2020-07-08,30,Montana,point,NA,98.58820596337318
2020-06-28,11 day ahead cum death,2020-07-09,30,Montana,point,NA,98.63172808289528
2020-06-28,12 day ahead cum death,2020-07-10,30,Montana,point,NA,98.73964005708694
2020-06-28,13 day ahead cum death,2020-07-11,30,Montana,point,NA,98.72037208080292
2020-06-28,14 day ahead cum death,2020-07-12,30,Montana,point,NA,98.67584416270256
2020-06-28,1 day ahead cum death,2020-06-29,31,Nebraska,point,NA,357.01252341270447
2020-06-28,2 day ahead cum death,2020-06-30,31,Nebraska,point,NA,369.88837069272995
2020-06-28,3 day ahead cum death,2020-07-01,31,Nebraska,point,NA,368.87857887148857
2020-06-28,4 day ahead cum death,2020-07-02,31,Nebraska,point,NA,362.3789757490158
2020-06-28,5 day ahead cum death,2020-07-03,31,Nebraska,point,NA,367.56680929660797
2020-06-28,6 day ahead cum death,2020-07-04,31,Nebraska,point,NA,367.60741886496544
2020-06-28,7 day ahead cum death,2020-07-05,31,Nebraska,point,NA,367.58870682120323
2020-06-28,8 day ahead cum death,2020-07-06,31,Nebraska,point,NA,395.02604389190674
2020-06-28,9 day ahead cum death,2020-07-07,31,Nebraska,point,NA,408.22624012827873
2020-06-28,10 day ahead cum death,2020-07-08,31,Nebraska,point,NA,407.1027038395405
2020-06-28,11 day ahead cum death,2020-07-09,31,Nebraska,point,NA,400.1736434698105
2020-06-28,12 day ahead cum death,2020-07-10,31,Nebraska,point,NA,405.60966485738754
2020-06-28,13 day ahead cum death,2020-07-11,31,Nebraska,point,NA,405.69086027145386
2020-06-28,14 day ahead cum death,2020-07-12,31,Nebraska,point,NA,405.61257058382034
2020-06-28,1 day ahead cum death,2020-06-29,32,Nevada,point,NA,517.4368661642075
2020-06-28,2 day ahead cum death,2020-06-30,32,Nevada,point,NA,520.1976007819176
2020-06-28,3 day ahead cum death,2020-07-01,32,Nevada,point,NA,523.2212445437908
2020-06-28,4 day ahead cum death,2020-07-02,32,Nevada,point,NA,524.0169480144978
2020-06-28,5 day ahead cum death,2020-07-03,32,Nevada,point,NA,527.0407684147358
2020-06-28,6 day ahead cum death,2020-07-04,32,Nevada,point,NA,528.3535318672657
2020-06-28,7 day ahead cum death,2020-07-05,32,Nevada,point,NA,528.4030577540398
2020-06-28,8 day ahead cum death,2020-07-06,32,Nevada,point,NA,536.8795945644379
2020-06-28,9 day ahead cum death,2020-07-07,32,Nevada,point,NA,540.6932389736176
2020-06-28,10 day ahead cum death,2020-07-08,32,Nevada,point,NA,543.0058087706566
2020-06-28,11 day ahead cum death,2020-07-09,32,Nevada,point,NA,563.7146836817265
2020-06-28,12 day ahead cum death,2020-07-10,32,Nevada,point,NA,566.5238428413868
2020-06-28,13 day ahead cum death,2020-07-11,32,Nevada,point,NA,583.2829474806786
2020-06-28,14 day ahead cum death,2020-07-12,32,Nevada,point,NA,583.67212459445
2020-06-28,1 day ahead cum death,2020-06-29,33,New Hampshire,point,NA,364.7110307812691
2020-06-28,2 day ahead cum death,2020-06-30,33,New Hampshire,point,NA,367.87281650304794
2020-06-28,3 day ahead cum death,2020-07-01,33,New Hampshire,point,NA,371.0406624376774
2020-06-28,4 day ahead cum death,2020-07-02,33,New Hampshire,point,NA,376.55824959278107
2020-06-28,5 day ahead cum death,2020-07-03,33,New Hampshire,point,NA,385.3566474914551
2020-06-28,6 day ahead cum death,2020-07-04,33,New Hampshire,point,NA,385.9757807254791
2020-06-28,7 day ahead cum death,2020-07-05,33,New Hampshire,point,NA,385.62461853027344
2020-06-28,8 day ahead cum death,2020-07-06,33,New Hampshire,point,NA,381.3356493115425
2020-06-28,9 day ahead cum death,2020-07-07,33,New Hampshire,point,NA,384.2641000151634
2020-06-28,10 day ahead cum death,2020-07-08,33,New Hampshire,point,NA,385.56986477971077
2020-06-28,11 day ahead cum death,2020-07-09,33,New Hampshire,point,NA,390.7271919846535
2020-06-28,12 day ahead cum death,2020-07-10,33,New Hampshire,point,NA,399.16397219896317
2020-06-28,13 day ahead cum death,2020-07-11,33,New Hampshire,point,NA,398.96796679496765
2020-06-28,14 day ahead cum death,2020-07-12,33,New Hampshire,point,NA,398.65805518627167
2020-06-28,1 day ahead cum death,2020-06-29,34,New Jersey,point,NA,13483.633534550667
2020-06-28,2 day ahead cum death,2020-06-30,34,New Jersey,point,NA,13472.184578418732
2020-06-28,3 day ahead cum death,2020-07-01,34,New Jersey,point,NA,13511.082740843296
2020-06-28,4 day ahead cum death,2020-07-02,34,New Jersey,point,NA,15538.058769226074
2020-06-28,5 day ahead cum death,2020-07-03,34,New Jersey,point,NA,15596.079266309738
2020-06-28,6 day ahead cum death,2020-07-04,34,New Jersey,point,NA,15601.203299283981
2020-06-28,7 day ahead cum death,2020-07-05,34,New Jersey,point,NA,15608.025586366653
2020-06-28,8 day ahead cum death,2020-07-06,34,New Jersey,point,NA,14127.701570749283
2020-06-28,9 day ahead cum death,2020-07-07,34,New Jersey,point,NA,14095.05400443077
2020-06-28,10 day ahead cum death,2020-07-08,34,New Jersey,point,NA,14131.147251188755
2020-06-28,11 day ahead cum death,2020-07-09,34,New Jersey,point,NA,16196.585180282593
2020-06-28,12 day ahead cum death,2020-07-10,34,New Jersey,point,NA,16253.798438072205
2020-06-28,13 day ahead cum death,2020-07-11,34,New Jersey,point,NA,16233.054740905762
2020-06-28,14 day ahead cum death,2020-07-12,34,New Jersey,point,NA,16237.298847794533
2020-06-28,1 day ahead cum death,2020-06-29,35,New Mexico,point,NA,511.88209000229836
2020-06-28,2 day ahead cum death,2020-06-30,35,New Mexico,point,NA,516.6935313045979
2020-06-28,3 day ahead cum death,2020-07-01,35,New Mexico,point,NA,520.3330188393593
2020-06-28,4 day ahead cum death,2020-07-02,35,New Mexico,point,NA,526.7517310678959
2020-06-28,5 day ahead cum death,2020-07-03,35,New Mexico,point,NA,529.332747399807
2020-06-28,6 day ahead cum death,2020-07-04,35,New Mexico,point,NA,530.9080685079098
2020-06-28,7 day ahead cum death,2020-07-05,35,New Mexico,point,NA,529.9279494583607
2020-06-28,8 day ahead cum death,2020-07-06,35,New Mexico,point,NA,536.3812812566757
2020-06-28,9 day ahead cum death,2020-07-07,35,New Mexico,point,NA,542.4201656281948
2020-06-28,10 day ahead cum death,2020-07-08,35,New Mexico,point,NA,544.7159470319748
2020-06-28,11 day ahead cum death,2020-07-09,35,New Mexico,point,NA,551.123666703701
2020-06-28,12 day ahead cum death,2020-07-10,35,New Mexico,point,NA,553.2010207176208
2020-06-28,13 day ahead cum death,2020-07-11,35,New Mexico,point,NA,553.8861409425735
2020-06-28,14 day ahead cum death,2020-07-12,35,New Mexico,point,NA,552.4614477157593
2020-06-28,1 day ahead cum death,2020-06-29,36,New York,point,NA,32063.679080098867
2020-06-28,2 day ahead cum death,2020-06-30,36,New York,point,NA,32139.71878835559
2020-06-28,3 day ahead cum death,2020-07-01,36,New York,point,NA,32146.314717799425
2020-06-28,4 day ahead cum death,2020-07-02,36,New York,point,NA,32181.155813276768
2020-06-28,5 day ahead cum death,2020-07-03,36,New York,point,NA,32195.7493005991
2020-06-28,6 day ahead cum death,2020-07-04,36,New York,point,NA,32203.83504191041
2020-06-28,7 day ahead cum death,2020-07-05,36,New York,point,NA,32191.332696288824
2020-06-28,8 day ahead cum death,2020-07-06,36,New York,point,NA,32295.12496393919
2020-06-28,9 day ahead cum death,2020-07-07,36,New York,point,NA,32370.382832616568
2020-06-28,10 day ahead cum death,2020-07-08,36,New York,point,NA,32360.250651597977
2020-06-28,11 day ahead cum death,2020-07-09,36,New York,point,NA,32395.817842304707
2020-06-28,12 day ahead cum death,2020-07-10,36,New York,point,NA,32410.885050475597
2020-06-28,13 day ahead cum death,2020-07-11,36,New York,point,NA,32406.690555483103
2020-06-28,14 day ahead cum death,2020-07-12,36,New York,point,NA,32386.519409269094
2020-06-28,1 day ahead cum death,2020-06-29,37,North Carolina,point,NA,1405.996559113264
2020-06-28,2 day ahead cum death,2020-06-30,37,North Carolina,point,NA,1421.7390398085117
2020-06-28,3 day ahead cum death,2020-07-01,37,North Carolina,point,NA,1453.2491543591022
2020-06-28,4 day ahead cum death,2020-07-02,37,North Carolina,point,NA,1462.9956109821796
2020-06-28,5 day ahead cum death,2020-07-03,37,North Carolina,point,NA,1476.2334716022015
2020-06-28,6 day ahead cum death,2020-07-04,37,North Carolina,point,NA,1480.349373459816
2020-06-28,7 day ahead cum death,2020-07-05,37,North Carolina,point,NA,1477.6243764162064
2020-06-28,8 day ahead cum death,2020-07-06,37,North Carolina,point,NA,1515.892791390419
2020-06-28,9 day ahead cum death,2020-07-07,37,North Carolina,point,NA,1531.08100771904
2020-06-28,10 day ahead cum death,2020-07-08,37,North Carolina,point,NA,1564.8831354379654
2020-06-28,11 day ahead cum death,2020-07-09,37,North Carolina,point,NA,1574.2696826457977
2020-06-28,12 day ahead cum death,2020-07-10,37,North Carolina,point,NA,1586.1602454185486
2020-06-28,13 day ahead cum death,2020-07-11,37,North Carolina,point,NA,1589.5673708319664
2020-06-28,14 day ahead cum death,2020-07-12,37,North Carolina,point,NA,1585.5020766556263
2020-06-28,1 day ahead cum death,2020-06-29,38,North Dakota,point,NA,137.75379914045334
2020-06-28,2 day ahead cum death,2020-06-30,38,North Dakota,point,NA,137.77307069301605
2020-06-28,3 day ahead cum death,2020-07-01,38,North Dakota,point,NA,137.59908664226532
2020-06-28,4 day ahead cum death,2020-07-02,38,North Dakota,point,NA,137.696836322546
2020-06-28,5 day ahead cum death,2020-07-03,38,North Dakota,point,NA,137.55560886859894
2020-06-28,6 day ahead cum death,2020-07-04,38,North Dakota,point,NA,137.36825731396675
2020-06-28,7 day ahead cum death,2020-07-05,38,North Dakota,point,NA,138.46857464313507
2020-06-28,8 day ahead cum death,2020-07-06,38,North Dakota,point,NA,153.22335150837898
2020-06-28,9 day ahead cum death,2020-07-07,38,North Dakota,point,NA,153.3360905945301
2020-06-28,10 day ahead cum death,2020-07-08,38,North Dakota,point,NA,153.1718309223652
2020-06-28,11 day ahead cum death,2020-07-09,38,North Dakota,point,NA,153.11597576737404
2020-06-28,12 day ahead cum death,2020-07-10,38,North Dakota,point,NA,152.92538079619408
2020-06-28,13 day ahead cum death,2020-07-11,38,North Dakota,point,NA,152.77575588226318
2020-06-28,14 day ahead cum death,2020-07-12,38,North Dakota,point,NA,154.06452530622482
2020-06-28,1 day ahead cum death,2020-06-29,39,Ohio,point,NA,2839.2131365537643
2020-06-28,2 day ahead cum death,2020-06-30,39,Ohio,point,NA,2868.5426529049873
2020-06-28,3 day ahead cum death,2020-07-01,39,Ohio,point,NA,2878.0851445496082
2020-06-28,4 day ahead cum death,2020-07-02,39,Ohio,point,NA,2893.214236199856
2020-06-28,5 day ahead cum death,2020-07-03,39,Ohio,point,NA,2913.505662739277
2020-06-28,6 day ahead cum death,2020-07-04,39,Ohio,point,NA,2932.0105216503143
2020-06-28,7 day ahead cum death,2020-07-05,39,Ohio,point,NA,2934.4263350367546
2020-06-28,8 day ahead cum death,2020-07-06,39,Ohio,point,NA,2945.151884198189
2020-06-28,9 day ahead cum death,2020-07-07,39,Ohio,point,NA,2979.4052366018295
2020-06-28,10 day ahead cum death,2020-07-08,39,Ohio,point,NA,2985.8695340156555
2020-06-28,11 day ahead cum death,2020-07-09,39,Ohio,point,NA,2998.0779601335526
2020-06-28,12 day ahead cum death,2020-07-10,39,Ohio,point,NA,3026.103387981653
2020-06-28,13 day ahead cum death,2020-07-11,39,Ohio,point,NA,3032.632429331541
2020-06-28,14 day ahead cum death,2020-07-12,39,Ohio,point,NA,3036.8274480700493
2020-06-28,1 day ahead cum death,2020-06-29,40,Oklahoma,point,NA,428.2114714384079
2020-06-28,2 day ahead cum death,2020-06-30,40,Oklahoma,point,NA,429.16779312491417
2020-06-28,3 day ahead cum death,2020-07-01,40,Oklahoma,point,NA,430.5485720038414
2020-06-28,4 day ahead cum death,2020-07-02,40,Oklahoma,point,NA,434.4317121207714
2020-06-28,5 day ahead cum death,2020-07-03,40,Oklahoma,point,NA,437.0857398211956
2020-06-28,6 day ahead cum death,2020-07-04,40,Oklahoma,point,NA,445.46225494146347
2020-06-28,7 day ahead cum death,2020-07-05,40,Oklahoma,point,NA,446.7813638150692
2020-06-28,8 day ahead cum death,2020-07-06,40,Oklahoma,point,NA,459.9893936216831
2020-06-28,9 day ahead cum death,2020-07-07,40,Oklahoma,point,NA,461.1077047586441
2020-06-28,10 day ahead cum death,2020-07-08,40,Oklahoma,point,NA,462.92354556918144
2020-06-28,11 day ahead cum death,2020-07-09,40,Oklahoma,point,NA,467.3546133637428
2020-06-28,12 day ahead cum death,2020-07-10,40,Oklahoma,point,NA,470.55587235093117
2020-06-28,13 day ahead cum death,2020-07-11,40,Oklahoma,point,NA,479.59945729374886
2020-06-28,14 day ahead cum death,2020-07-12,40,Oklahoma,point,NA,481.59129270911217
2020-06-28,1 day ahead cum death,2020-06-29,41,Oregon,point,NA,234.26908445358276
2020-06-28,2 day ahead cum death,2020-06-30,41,Oregon,point,NA,233.870663523674
2020-06-28,3 day ahead cum death,2020-07-01,41,Oregon,point,NA,237.5913995206356
2020-06-28,4 day ahead cum death,2020-07-02,41,Oregon,point,NA,240.20774415135384
2020-06-28,5 day ahead cum death,2020-07-03,41,Oregon,point,NA,246.0932071506977
2020-06-28,6 day ahead cum death,2020-07-04,41,Oregon,point,NA,246.1562028825283
2020-06-28,7 day ahead cum death,2020-07-05,41,Oregon,point,NA,247.1933782696724
2020-06-28,8 day ahead cum death,2020-07-06,41,Oregon,point,NA,258.24558106064796
2020-06-28,9 day ahead cum death,2020-07-07,41,Oregon,point,NA,257.82826218008995
2020-06-28,10 day ahead cum death,2020-07-08,41,Oregon,point,NA,262.4984494149685
2020-06-28,11 day ahead cum death,2020-07-09,41,Oregon,point,NA,265.19835779070854
2020-06-28,12 day ahead cum death,2020-07-10,41,Oregon,point,NA,271.7737330198288
2020-06-28,13 day ahead cum death,2020-07-11,41,Oregon,point,NA,272.4745080471039
2020-06-28,14 day ahead cum death,2020-07-12,41,Oregon,point,NA,274.1921850144863
2020-06-28,1 day ahead cum death,2020-06-29,42,Pennsylvania,point,NA,6607.406495124102
2020-06-28,2 day ahead cum death,2020-06-30,42,Pennsylvania,point,NA,6639.230613350868
2020-06-28,3 day ahead cum death,2020-07-01,42,Pennsylvania,point,NA,6699.578178703785
2020-06-28,4 day ahead cum death,2020-07-02,42,Pennsylvania,point,NA,6731.095578938723
2020-06-28,5 day ahead cum death,2020-07-03,42,Pennsylvania,point,NA,6747.276195347309
2020-06-28,6 day ahead cum death,2020-07-04,42,Pennsylvania,point,NA,6762.566726624966
2020-06-28,7 day ahead cum death,2020-07-05,42,Pennsylvania,point,NA,6766.586610376835
2020-06-28,8 day ahead cum death,2020-07-06,42,Pennsylvania,point,NA,6755.351420521736
2020-06-28,9 day ahead cum death,2020-07-07,42,Pennsylvania,point,NA,6783.393451988697
2020-06-28,10 day ahead cum death,2020-07-08,42,Pennsylvania,point,NA,6840.890724927187
2020-06-28,11 day ahead cum death,2020-07-09,42,Pennsylvania,point,NA,6874.014055997133
2020-06-28,12 day ahead cum death,2020-07-10,42,Pennsylvania,point,NA,6889.426370412111
2020-06-28,13 day ahead cum death,2020-07-11,42,Pennsylvania,point,NA,6902.166801959276
2020-06-28,14 day ahead cum death,2020-07-12,42,Pennsylvania,point,NA,6906.478739500046
2020-06-28,1 day ahead cum death,2020-06-29,44,Rhode Island,point,NA,10.723438739776611
2020-06-28,2 day ahead cum death,2020-06-30,44,Rhode Island,point,NA,10.723438739776611
2020-06-28,3 day ahead cum death,2020-07-01,44,Rhode Island,point,NA,10.723438739776611
2020-06-28,4 day ahead cum death,2020-07-02,44,Rhode Island,point,NA,10.723438739776611
2020-06-28,5 day ahead cum death,2020-07-03,44,Rhode Island,point,NA,10.723438739776611
2020-06-28,6 day ahead cum death,2020-07-04,44,Rhode Island,point,NA,10.723438739776611
2020-06-28,7 day ahead cum death,2020-07-05,44,Rhode Island,point,NA,10.723438739776611
2020-06-28,8 day ahead cum death,2020-07-06,44,Rhode Island,point,NA,16.349527329206467
2020-06-28,9 day ahead cum death,2020-07-07,44,Rhode Island,point,NA,16.349527329206467
2020-06-28,10 day ahead cum death,2020-07-08,44,Rhode Island,point,NA,16.349527329206467
2020-06-28,11 day ahead cum death,2020-07-09,44,Rhode Island,point,NA,16.349527329206467
2020-06-28,12 day ahead cum death,2020-07-10,44,Rhode Island,point,NA,16.44573250412941
2020-06-28,13 day ahead cum death,2020-07-11,44,Rhode Island,point,NA,16.44573250412941
2020-06-28,14 day ahead cum death,2020-07-12,44,Rhode Island,point,NA,16.44573250412941
2020-06-28,1 day ahead cum death,2020-06-29,45,South Carolina,point,NA,712.1770351529121
2020-06-28,2 day ahead cum death,2020-06-30,45,South Carolina,point,NA,727.3307322263718
2020-06-28,3 day ahead cum death,2020-07-01,45,South Carolina,point,NA,741.7614816725254
2020-06-28,4 day ahead cum death,2020-07-02,45,South Carolina,point,NA,754.0956048965454
2020-06-28,5 day ahead cum death,2020-07-03,45,South Carolina,point,NA,750.254612237215
2020-06-28,6 day ahead cum death,2020-07-04,45,South Carolina,point,NA,771.7401142418385
2020-06-28,7 day ahead cum death,2020-07-05,45,South Carolina,point,NA,776.8265319168568
2020-06-28,8 day ahead cum death,2020-07-06,45,South Carolina,point,NA,771.6211197376251
2020-06-28,9 day ahead cum death,2020-07-07,45,South Carolina,point,NA,789.296228826046
2020-06-28,10 day ahead cum death,2020-07-08,45,South Carolina,point,NA,808.5685991942883
2020-06-28,11 day ahead cum death,2020-07-09,45,South Carolina,point,NA,826.9661394059658
2020-06-28,12 day ahead cum death,2020-07-10,45,South Carolina,point,NA,821.7391843795776
2020-06-28,13 day ahead cum death,2020-07-11,45,South Carolina,point,NA,847.4985893070698
2020-06-28,14 day ahead cum death,2020-07-12,45,South Carolina,point,NA,853.4799632430077
2020-06-28,1 day ahead cum death,2020-06-29,46,South Dakota,point,NA,155.41146704554558
2020-06-28,2 day ahead cum death,2020-06-30,46,South Dakota,point,NA,157.31808558106422
2020-06-28,3 day ahead cum death,2020-07-01,46,South Dakota,point,NA,158.2848841547966
2020-06-28,4 day ahead cum death,2020-07-02,46,South Dakota,point,NA,159.2476903796196
2020-06-28,5 day ahead cum death,2020-07-03,46,South Dakota,point,NA,160.31426495313644
2020-06-28,6 day ahead cum death,2020-07-04,46,South Dakota,point,NA,163.6918959915638
2020-06-28,7 day ahead cum death,2020-07-05,46,South Dakota,point,NA,163.55810549855232
2020-06-28,8 day ahead cum death,2020-07-06,46,South Dakota,point,NA,176.01472800970078
2020-06-28,9 day ahead cum death,2020-07-07,46,South Dakota,point,NA,177.50585341453552
2020-06-28,10 day ahead cum death,2020-07-08,46,South Dakota,point,NA,178.42193967103958
2020-06-28,11 day ahead cum death,2020-07-09,46,South Dakota,point,NA,179.367948949337
2020-06-28,12 day ahead cum death,2020-07-10,46,South Dakota,point,NA,179.97661757469177
2020-06-28,13 day ahead cum death,2020-07-11,46,South Dakota,point,NA,183.98496311903
2020-06-28,14 day ahead cum death,2020-07-12,46,South Dakota,point,NA,183.7426160275936
2020-06-28,1 day ahead cum death,2020-06-29,47,Tennessee,point,NA,632.6508066058159
2020-06-28,2 day ahead cum death,2020-06-30,47,Tennessee,point,NA,642.3110581338406
2020-06-28,3 day ahead cum death,2020-07-01,47,Tennessee,point,NA,656.7655473649502
2020-06-28,4 day ahead cum death,2020-07-02,47,Tennessee,point,NA,668.2980641424656
2020-06-28,5 day ahead cum death,2020-07-03,47,Tennessee,point,NA,677.7443642914295
2020-06-28,6 day ahead cum death,2020-07-04,47,Tennessee,point,NA,686.8619090914726
2020-06-28,7 day ahead cum death,2020-07-05,47,Tennessee,point,NA,686.7428054213524
2020-06-28,8 day ahead cum death,2020-07-06,47,Tennessee,point,NA,698.320943325758
2020-06-28,9 day ahead cum death,2020-07-07,47,Tennessee,point,NA,718.2469789683819
2020-06-28,10 day ahead cum death,2020-07-08,47,Tennessee,point,NA,725.6825663745403
2020-06-28,11 day ahead cum death,2020-07-09,47,Tennessee,point,NA,737.0711172223091
2020-06-28,12 day ahead cum death,2020-07-10,47,Tennessee,point,NA,747.9205907583237
2020-06-28,13 day ahead cum death,2020-07-11,47,Tennessee,point,NA,758.7757329940796
2020-06-28,14 day ahead cum death,2020-07-12,47,Tennessee,point,NA,759.6906932592392
2020-06-28,1 day ahead cum death,2020-06-29,48,Texas,point,NA,2560.414121001959
2020-06-28,2 day ahead cum death,2020-06-30,48,Texas,point,NA,2602.4304573833942
2020-06-28,3 day ahead cum death,2020-07-01,48,Texas,point,NA,2654.1883614063263
2020-06-28,4 day ahead cum death,2020-07-02,48,Texas,point,NA,2713.317279011011
2020-06-28,5 day ahead cum death,2020-07-03,48,Texas,point,NA,2756.7266176640987
2020-06-28,6 day ahead cum death,2020-07-04,48,Texas,point,NA,2805.620041489601
2020-06-28,7 day ahead cum death,2020-07-05,48,Texas,point,NA,2825.6070541143417
2020-06-28,8 day ahead cum death,2020-07-06,48,Texas,point,NA,2895.7862850129604
2020-06-28,9 day ahead cum death,2020-07-07,48,Texas,point,NA,2970.0959884524345
2020-06-28,10 day ahead cum death,2020-07-08,48,Texas,point,NA,3031.383529126644
2020-06-28,11 day ahead cum death,2020-07-09,48,Texas,point,NA,3094.3320088386536
2020-06-28,12 day ahead cum death,2020-07-10,48,Texas,point,NA,3185.026177495718
2020-06-28,13 day ahead cum death,2020-07-11,48,Texas,point,NA,3265.783992379904
2020-06-28,14 day ahead cum death,2020-07-12,48,Texas,point,NA,3284.486836850643
2020-06-28,1 day ahead cum death,2020-06-29,49,Utah,point,NA,181.73549309372902
2020-06-28,2 day ahead cum death,2020-06-30,49,Utah,point,NA,185.89288312196732
2020-06-28,3 day ahead cum death,2020-07-01,49,Utah,point,NA,184.70669984817505
2020-06-28,4 day ahead cum death,2020-07-02,49,Utah,point,NA,185.27342596650124
2020-06-28,5 day ahead cum death,2020-07-03,49,Utah,point,NA,185.9003239274025
2020-06-28,6 day ahead cum death,2020-07-04,49,Utah,point,NA,186.8194676041603
2020-06-28,7 day ahead cum death,2020-07-05,49,Utah,point,NA,186.91384875774384
2020-06-28,8 day ahead cum death,2020-07-06,49,Utah,point,NA,200.8284147977829
2020-06-28,9 day ahead cum death,2020-07-07,49,Utah,point,NA,205.40448853373528
2020-06-28,10 day ahead cum death,2020-07-08,49,Utah,point,NA,203.7336057126522
2020-06-28,11 day ahead cum death,2020-07-09,49,Utah,point,NA,204.88921630382538
2020-06-28,12 day ahead cum death,2020-07-10,49,Utah,point,NA,204.8217369914055
2020-06-28,13 day ahead cum death,2020-07-11,49,Utah,point,NA,205.74849233031273
2020-06-28,14 day ahead cum death,2020-07-12,49,Utah,point,NA,207.13911268115044
2020-06-28,1 day ahead cum death,2020-06-29,50,Vermont,point,NA,65.04547095298767
2020-06-28,2 day ahead cum death,2020-06-30,50,Vermont,point,NA,65.12186968326569
2020-06-28,3 day ahead cum death,2020-07-01,50,Vermont,point,NA,65.08101457357407
2020-06-28,4 day ahead cum death,2020-07-02,50,Vermont,point,NA,64.94837391376495
2020-06-28,5 day ahead cum death,2020-07-03,50,Vermont,point,NA,64.94837391376495
2020-06-28,6 day ahead cum death,2020-07-04,50,Vermont,point,NA,64.82948672771454
2020-06-28,7 day ahead cum death,2020-07-05,50,Vermont,point,NA,64.85454374551773
2020-06-28,8 day ahead cum death,2020-07-06,50,Vermont,point,NA,68.93006199598312
2020-06-28,9 day ahead cum death,2020-07-07,50,Vermont,point,NA,68.96871501207352
2020-06-28,10 day ahead cum death,2020-07-08,50,Vermont,point,NA,68.95085805654526
2020-06-28,11 day ahead cum death,2020-07-09,50,Vermont,point,NA,68.76297813653946
2020-06-28,12 day ahead cum death,2020-07-10,50,Vermont,point,NA,68.76297813653946
2020-06-28,13 day ahead cum death,2020-07-11,50,Vermont,point,NA,68.63735729455948
2020-06-28,14 day ahead cum death,2020-07-12,50,Vermont,point,NA,68.63140225410461
2020-06-28,1 day ahead cum death,2020-06-29,51,Virginia,point,NA,1747.9430964291096
2020-06-28,2 day ahead cum death,2020-06-30,51,Virginia,point,NA,1772.5670801401138
2020-06-28,3 day ahead cum death,2020-07-01,51,Virginia,point,NA,1784.969329327345
2020-06-28,4 day ahead cum death,2020-07-02,51,Virginia,point,NA,1806.1869024336338
2020-06-28,5 day ahead cum death,2020-07-03,51,Virginia,point,NA,1834.5085411965847
2020-06-28,6 day ahead cum death,2020-07-04,51,Virginia,point,NA,1857.2103301286697
2020-06-28,7 day ahead cum death,2020-07-05,51,Virginia,point,NA,1861.9406625628471
2020-06-28,8 day ahead cum death,2020-07-06,51,Virginia,point,NA,1842.9885899424553
2020-06-28,9 day ahead cum death,2020-07-07,51,Virginia,point,NA,1871.1295183897018
2020-06-28,10 day ahead cum death,2020-07-08,51,Virginia,point,NA,1885.9706538021564
2020-06-28,11 day ahead cum death,2020-07-09,51,Virginia,point,NA,1914.9371445477009
2020-06-28,12 day ahead cum death,2020-07-10,51,Virginia,point,NA,1942.6032375097275
2020-06-28,13 day ahead cum death,2020-07-11,51,Virginia,point,NA,1964.6724047660828
2020-06-28,14 day ahead cum death,2020-07-12,51,Virginia,point,NA,1963.2381818592548
2020-06-28,1 day ahead cum death,2020-06-29,53,Washington,point,NA,1335.3599871098995
2020-06-28,2 day ahead cum death,2020-06-30,53,Washington,point,NA,1345.004235982895
2020-06-28,3 day ahead cum death,2020-07-01,53,Washington,point,NA,1354.545457959175
2020-06-28,4 day ahead cum death,2020-07-02,53,Washington,point,NA,1361.4612493813038
2020-06-28,5 day ahead cum death,2020-07-03,53,Washington,point,NA,1366.5618952214718
2020-06-28,6 day ahead cum death,2020-07-04,53,Washington,point,NA,1373.6279519200325
2020-06-28,7 day ahead cum death,2020-07-05,53,Washington,point,NA,1371.5258174836636
2020-06-28,8 day ahead cum death,2020-07-06,53,Washington,point,NA,1385.106811672449
2020-06-28,9 day ahead cum death,2020-07-07,53,Washington,point,NA,1395.5955740511417
2020-06-28,10 day ahead cum death,2020-07-08,53,Washington,point,NA,1407.1620132923126
2020-06-28,11 day ahead cum death,2020-07-09,53,Washington,point,NA,1413.2054784297943
2020-06-28,12 day ahead cum death,2020-07-10,53,Washington,point,NA,1418.5883514285088
2020-06-28,13 day ahead cum death,2020-07-11,53,Washington,point,NA,1424.4232286214828
2020-06-28,14 day ahead cum death,2020-07-12,53,Washington,point,NA,1422.79112637043
2020-06-28,1 day ahead cum death,2020-06-29,54,West Virginia,point,NA,138.164460003376
2020-06-28,2 day ahead cum death,2020-06-30,54,West Virginia,point,NA,140.22617852687836
2020-06-28,3 day ahead cum death,2020-07-01,54,West Virginia,point,NA,140.17624962329865
2020-06-28,4 day ahead cum death,2020-07-02,54,West Virginia,point,NA,140.25547894835472
2020-06-28,5 day ahead cum death,2020-07-03,54,West Virginia,point,NA,140.1817941069603
2020-06-28,6 day ahead cum death,2020-07-04,54,West Virginia,point,NA,140.24467971920967
2020-06-28,7 day ahead cum death,2020-07-05,54,West Virginia,point,NA,140.29836958646774
2020-06-28,8 day ahead cum death,2020-07-06,54,West Virginia,point,NA,153.42169713974
2020-06-28,9 day ahead cum death,2020-07-07,54,West Virginia,point,NA,155.57742807269096
2020-06-28,10 day ahead cum death,2020-07-08,54,West Virginia,point,NA,155.6135751605034
2020-06-28,11 day ahead cum death,2020-07-09,54,West Virginia,point,NA,155.65481659770012
2020-06-28,12 day ahead cum death,2020-07-10,54,West Virginia,point,NA,155.64011976122856
2020-06-28,13 day ahead cum death,2020-07-11,54,West Virginia,point,NA,155.84778252243996
2020-06-28,14 day ahead cum death,2020-07-12,54,West Virginia,point,NA,155.87907826900482
2020-06-28,1 day ahead cum death,2020-06-29,55,Wisconsin,point,NA,821.2254551053047
2020-06-28,2 day ahead cum death,2020-06-30,55,Wisconsin,point,NA,822.4061723351479
2020-06-28,3 day ahead cum death,2020-07-01,55,Wisconsin,point,NA,829.773244202137
2020-06-28,4 day ahead cum death,2020-07-02,55,Wisconsin,point,NA,839.977901339531
2020-06-28,5 day ahead cum death,2020-07-03,55,Wisconsin,point,NA,839.4330742955208
2020-06-28,6 day ahead cum death,2020-07-04,55,Wisconsin,point,NA,850.4766345322132
2020-06-28,7 day ahead cum death,2020-07-05,55,Wisconsin,point,NA,849.754321962595
2020-06-28,8 day ahead cum death,2020-07-06,55,Wisconsin,point,NA,865.5144194066525
2020-06-28,9 day ahead cum death,2020-07-07,55,Wisconsin,point,NA,865.0740929543972
2020-06-28,10 day ahead cum death,2020-07-08,55,Wisconsin,point,NA,870.8985306620598
2020-06-28,11 day ahead cum death,2020-07-09,55,Wisconsin,point,NA,882.2149135768414
2020-06-28,12 day ahead cum death,2020-07-10,55,Wisconsin,point,NA,881.1504941880703
2020-06-28,13 day ahead cum death,2020-07-11,55,Wisconsin,point,NA,890.1415106356144
2020-06-28,14 day ahead cum death,2020-07-12,55,Wisconsin,point,NA,890.2015957832336
2020-06-28,1 day ahead cum death,2020-06-29,56,Wyoming,point,NA,29.568645149469376
2020-06-28,2 day ahead cum death,2020-06-30,56,Wyoming,point,NA,29.497361063957214
2020-06-28,3 day ahead cum death,2020-07-01,56,Wyoming,point,NA,29.688217490911484
2020-06-28,4 day ahead cum death,2020-07-02,56,Wyoming,point,NA,29.64333689212799
2020-06-28,5 day ahead cum death,2020-07-03,56,Wyoming,point,NA,29.65209424495697
2020-06-28,6 day ahead cum death,2020-07-04,56,Wyoming,point,NA,29.594050407409668
2020-06-28,7 day ahead cum death,2020-07-05,56,Wyoming,point,NA,29.709284722805023
2020-06-28,8 day ahead cum death,2020-07-06,56,Wyoming,point,NA,36.26574686169624
2020-06-28,9 day ahead cum death,2020-07-07,56,Wyoming,point,NA,36.27449131011963
2020-06-28,10 day ahead cum death,2020-07-08,56,Wyoming,point,NA,36.44406270980835
2020-06-28,11 day ahead cum death,2020-07-09,56,Wyoming,point,NA,36.405226558446884
2020-06-28,12 day ahead cum death,2020-07-10,56,Wyoming,point,NA,36.48174670338631
2020-06-28,13 day ahead cum death,2020-07-11,56,Wyoming,point,NA,36.46151143312454
2020-06-28,14 day ahead cum death,2020-07-12,56,Wyoming,point,NA,36.59329196810722
